id,data,cliente,produto,ambiente_m2,origem_cliente,status_projeto,valor_venda,desconto,valor_final,custo_producao,lucro,prazo_entrega_dias,avaliacao_cliente
1,2024-10-16,Ana Pereira,Cozinha,9.02,Indicação,Cancelado,4639,2000,2639,2742,-103,31,5.0
2,2024-03-08,Marcos Alves,Cozinha,25.67,Loja Física,Aprovado,4952,0,4952,2886,2066,89,4.0
3,2023-08-14,João Silva,Banheiro,31.32,Google,Entregue,41618,0,41618,27942,13676,63,3.0
4,2023-06-09,Maria Santos,Dormitório,16.92,Instagram,Cancelado,25059,0,25059,14131,10928,53,1.0
5,2024-04-15,Paulo Costa,Home Office,33.86,Loja Física,Em Produção,11180,500,10680,6281,4399,44,
6,2023-03-13,Ana Pereira,Cozinha,35.19,Facebook,Em Produção,17935,0,17935,12514,5421,78,
7,2024-01-09,Paulo Costa,Dormitório,29.27,Indicação,Cancelado,27260,0,27260,15849,11411,41,5.0
8,2023-09-08,Marcos Alves,Dormitório,11.91,Instagram,Orçamento,33294,500,32794,19659,13135,49,1.0
9,2023-11-20,Camila Ribeiro,Banheiro,35.55,Instagram,Aprovado,20546,0,20546,11950,8596,83,4.0
10,2024-10-20,Marcos Alves,Banheiro,23.4,Loja Física,Entregue,12363,0,12363,7058,5305,71,3.0
11,2023-08-13,João Silva,Dormitório,35.0,Google,Aprovado,36392,500,35892,20511,15381,74,5.0
12,2023-03-07,Marcos Alves,Banheiro,13.05,Loja Física,Orçamento,28009,1000,27009,19590,7419,34,
13,2024-07-03,Carlos Oliveira,Sala,20.33,Instagram,Cancelado,25293,0,25293,15024,10269,42,5.0
14,2023-04-19,Ana Pereira,Lavanderia,9.5,Google,Cancelado,22558,2000,20558,14124,6434,87,1.0
15,2024-09-05,Fernanda Lima,Sala,35.63,Instagram,Aprovado,35021,0,35021,19849,15172,27,2.0
16,2024-08-03,Maria Santos,Cozinha,39.21,Loja Física,Aprovado,8613,2000,6613,5365,1248,36,
17,2024-05-01,Camila Ribeiro,Home Office,19.23,Google,Cancelado,13821,0,13821,8695,5126,45,
18,2023-11-16,Juliana Rocha,Banheiro,8.36,Google,Orçamento,27472,500,26972,18816,8156,63,1.0
19,2024-08-25,Maria Santos,Home Office,29.48,Indicação,Aprovado,18080,1000,17080,10541,6539,28,1.0
20,2023-12-05,Juliana Rocha,Cozinha,11.71,Google,Cancelado,36695,0,36695,21715,14980,80,2.0
21,2024-04-29,Rafael Gomes,Banheiro,16.75,Facebook,Entregue,15478,0,15478,8737,6741,26,
22,2024-10-31,Fernanda Lima,Lavanderia,32.82,Indicação,Aprovado,9449,0,9449,5767,3682,44,2.0
23,2024-07-03,Juliana Rocha,Banheiro,12.99,Indicação,Entregue,12186,500,11686,7037,4649,90,1.0
24,2023-02-21,Ana Pereira,Lavanderia,9.99,Facebook,Entregue,38427,0,38427,26720,11707,47,4.0
25,2023-03-02,Paulo Costa,Dormitório,37.35,Facebook,Em Produção,27836,0,27836,19423,8413,74,
26,2024-07-23,Ana Pereira,Lavanderia,38.87,Loja Física,Cancelado,34894,0,34894,20185,14709,27,
27,2023-11-18,Marcos Alves,Cozinha,9.67,Loja Física,Orçamento,6286,1000,5286,3906,1380,43,1.0
28,2024-09-01,Camila Ribeiro,Cozinha,12.86,Loja Física,Orçamento,18414,500,17914,10458,7456,30,4.0
29,2024-11-04,Paulo Costa,Home Office,11.35,Instagram,Aprovado,40042,1000,39042,23923,15119,53,4.0
30,2023-05-15,Maria Santos,Lavanderia,4.34,Loja Física,Cancelado,22660,500,22160,13537,8623,32,1.0
31,2024-07-04,Fernanda Lima,Dormitório,35.71,Google,Em Produção,36153,0,36153,20602,15551,56,2.0
32,2024-03-24,Marcos Alves,Home Office,4.28,Loja Física,Em Produção,22825,1000,21825,15922,5903,33,2.0
33,2023-09-28,Paulo Costa,Cozinha,14.14,Google,Em Produção,10014,2000,8014,6338,1676,46,
34,2024-10-11,João Silva,Sala,7.32,Facebook,Em Produção,36122,500,35622,21227,14395,25,1.0
35,2023-12-08,Juliana Rocha,Dormitório,23.86,Facebook,Cancelado,44753,0,44753,25698,19055,21,1.0
36,2023-03-19,Fernanda Lima,Lavanderia,24.97,Google,Entregue,12768,1000,11768,7091,4677,36,1.0
37,2023-11-12,Ana Pereira,Sala,28.01,Instagram,Cancelado,5614,0,5614,3264,2350,72,5.0
38,2023-06-08,João Silva,Dormitório,10.46,Instagram,Entregue,13649,0,13649,9311,4338,51,3.0
39,2023-06-13,Juliana Rocha,Lavanderia,12.01,Facebook,Em Produção,10084,500,9584,6865,2719,59,2.0
40,2023-08-17,Maria Santos,Cozinha,38.81,Instagram,Em Produção,15656,500,15156,9381,5775,85,4.0
41,2024-11-26,Paulo Costa,Home Office,10.43,Instagram,Orçamento,24702,0,24702,14013,10689,33,5.0
42,2024-03-20,Marcos Alves,Sala,8.16,Loja Física,Aprovado,23557,500,23057,15098,7959,52,1.0
43,2024-12-26,Marcos Alves,Banheiro,28.73,Google,Em Produção,3110,1000,2110,2142,-32,75,1.0
44,2024-11-11,Maria Santos,Sala,29.91,Instagram,Cancelado,43839,0,43839,28473,15366,59,
45,2024-02-23,Carlos Oliveira,Sala,10.91,Facebook,Aprovado,29371,2000,27371,17456,9915,58,4.0
46,2024-07-15,Camila Ribeiro,Cozinha,25.84,Instagram,Entregue,22914,0,22914,13325,9589,76,4.0
47,2024-11-22,Carlos Oliveira,Dormitório,27.72,Instagram,Cancelado,36500,500,36000,24420,11580,62,1.0
48,2023-08-29,Carlos Oliveira,Lavanderia,4.88,Google,Entregue,23343,0,23343,15662,7681,29,4.0
49,2024-02-29,Rafael Gomes,Lavanderia,21.8,Google,Aprovado,40727,0,40727,26788,13939,20,1.0
50,2024-03-11,João Silva,Dormitório,24.07,Indicação,Entregue,14526,2000,12526,9117,3409,37,4.0
51,2024-11-14,Juliana Rocha,Home Office,26.06,Loja Física,Entregue,39629,1000,38629,23682,14947,90,4.0
52,2023-06-12,Ana Pereira,Lavanderia,34.24,Instagram,Cancelado,34108,500,33608,20085,13523,82,
53,2023-09-02,Ana Pereira,Sala,13.78,Instagram,Cancelado,31827,0,31827,20911,10916,30,2.0
54,2023-06-04,Ana Pereira,Dormitório,6.31,Facebook,Em Produção,28102,2000,26102,16100,10002,89,4.0
55,2024-03-01,Camila Ribeiro,Cozinha,38.06,Indicação,Cancelado,16555,500,16055,10072,5983,68,4.0
56,2023-01-07,Rafael Gomes,Sala,23.38,Loja Física,Cancelado,22569,500,22069,15302,6767,48,4.0
57,2023-08-13,Fernanda Lima,Sala,28.08,Facebook,Aprovado,31562,500,31062,17496,13566,79,2.0
58,2024-09-29,João Silva,Home Office,7.02,Facebook,Aprovado,4767,500,4267,3045,1222,79,2.0
59,2023-02-21,Fernanda Lima,Sala,16.15,Facebook,Em Produção,27844,0,27844,16198,11646,73,3.0
60,2023-03-25,Fernanda Lima,Banheiro,12.07,Indicação,Orçamento,4270,2000,2270,2693,-423,23,2.0
61,2023-07-24,Juliana Rocha,Cozinha,28.1,Loja Física,Aprovado,43719,0,43719,25609,18110,79,
62,2023-09-20,Maria Santos,Sala,32.0,Google,Em Produção,13996,1000,12996,8972,4024,33,5.0
63,2023-01-27,Rafael Gomes,Sala,18.28,Google,Orçamento,40735,2000,38735,27952,10783,51,1.0
64,2024-12-14,Camila Ribeiro,Sala,32.17,Instagram,Cancelado,42348,0,42348,28349,13999,74,
65,2024-01-15,Rafael Gomes,Cozinha,33.6,Indicação,Entregue,36158,2000,34158,21737,12421,66,
66,2024-04-15,Marcos Alves,Lavanderia,38.76,Instagram,Cancelado,13026,500,12526,7508,5018,88,4.0
67,2024-04-21,Ana Pereira,Banheiro,33.91,Indicação,Em Produção,41828,0,41828,25027,16801,77,2.0
68,2024-04-20,João Silva,Home Office,21.8,Instagram,Aprovado,42998,2000,40998,26093,14905,82,2.0
69,2023-12-30,Paulo Costa,Sala,24.01,Loja Física,Aprovado,25304,0,25304,17258,8046,30,2.0
70,2024-02-21,Juliana Rocha,Banheiro,20.13,Indicação,Orçamento,39384,0,39384,25741,13643,57,2.0
71,2024-02-19,Fernanda Lima,Lavanderia,21.04,Loja Física,Em Produção,18945,0,18945,12306,6639,74,
72,2024-07-17,Paulo Costa,Sala,13.05,Indicação,Aprovado,26056,2000,24056,16104,7952,60,1.0
73,2024-07-02,Juliana Rocha,Lavanderia,13.95,Loja Física,Cancelado,15133,0,15133,8814,6319,56,1.0
74,2023-07-18,João Silva,Sala,29.49,Google,Em Produção,17908,0,17908,10331,7577,25,1.0
75,2024-07-20,Juliana Rocha,Sala,7.69,Indicação,Cancelado,11275,2000,9275,7670,1605,56,4.0
76,2024-05-05,Paulo Costa,Banheiro,37.88,Facebook,Orçamento,25328,0,25328,17598,7730,28,4.0
77,2024-05-18,Carlos Oliveira,Cozinha,9.37,Loja Física,Em Produção,40815,2000,38815,26650,12165,30,2.0
78,2023-05-02,Camila Ribeiro,Home Office,12.12,Loja Física,Entregue,30274,1000,29274,19357,9917,77,4.0
79,2023-11-01,João Silva,Home Office,25.95,Indicação,Aprovado,31103,0,31103,19759,11344,47,3.0
80,2024-11-07,Maria Santos,Cozinha,9.64,Facebook,Entregue,13292,0,13292,7657,5635,80,3.0
81,2023-02-03,Juliana Rocha,Dormitório,6.56,Google,Em Produção,21881,2000,19881,12962,6919,45,4.0
82,2023-04-28,Paulo Costa,Home Office,33.76,Indicação,Orçamento,17733,2000,15733,10149,5584,41,3.0
83,2024-09-01,Juliana Rocha,Lavanderia,28.79,Facebook,Em Produção,40303,0,40303,24821,15482,84,5.0
84,2024-05-20,Rafael Gomes,Banheiro,30.44,Loja Física,Em Produção,8271,1000,7271,4598,2673,23,1.0
85,2023-08-23,Paulo Costa,Lavanderia,24.74,Google,Entregue,40696,1000,39696,28186,11510,86,
86,2024-03-28,Juliana Rocha,Sala,38.89,Facebook,Em Produção,14894,1000,13894,9165,4729,72,3.0
87,2023-11-25,Juliana Rocha,Lavanderia,14.38,Facebook,Cancelado,9855,0,9855,5907,3948,24,4.0
88,2023-04-01,Rafael Gomes,Sala,35.14,Indicação,Cancelado,19541,0,19541,11087,8454,79,4.0
89,2023-02-25,Juliana Rocha,Dormitório,26.51,Indicação,Aprovado,36976,0,36976,23790,13186,54,5.0
90,2023-05-15,João Silva,Sala,39.03,Loja Física,Aprovado,31712,2000,29712,19747,9965,40,3.0
91,2024-07-18,Maria Santos,Cozinha,20.61,Indicação,Aprovado,39192,500,38692,22103,16589,83,
92,2023-10-26,Juliana Rocha,Home Office,12.77,Loja Física,Aprovado,20919,500,20419,14124,6295,69,2.0
93,2024-09-05,Rafael Gomes,Home Office,16.24,Loja Física,Em Produção,11946,0,11946,7065,4881,20,3.0
94,2023-11-02,Carlos Oliveira,Home Office,20.08,Facebook,Em Produção,41005,2000,39005,25564,13441,62,5.0
95,2024-07-10,Ana Pereira,Banheiro,24.58,Google,Entregue,32841,0,32841,22346,10495,25,3.0
96,2024-04-29,Carlos Oliveira,Lavanderia,21.83,Indicação,Aprovado,27984,500,27484,19540,7944,84,5.0
97,2023-12-06,Juliana Rocha,Cozinha,4.55,Google,Entregue,31855,0,31855,20033,11822,39,1.0
98,2024-04-25,Maria Santos,Sala,34.66,Loja Física,Entregue,25187,1000,24187,16469,7718,60,
99,2024-05-14,Paulo Costa,Home Office,39.91,Indicação,Entregue,5352,1000,4352,2998,1354,32,
100,2024-12-21,João Silva,Cozinha,5.66,Indicação,Em Produção,32076,0,32076,20980,11096,65,3.0
101,2024-03-17,Carlos Oliveira,Dormitório,10.12,Indicação,Cancelado,19003,1000,18003,11626,6377,68,5.0
102,2024-11-30,Juliana Rocha,Dormitório,26.96,Facebook,Em Produção,35615,1000,34615,20352,14263,21,4.0
103,2023-10-22,Fernanda Lima,Lavanderia,39.56,Instagram,Entregue,38821,0,38821,21781,17040,52,4.0
104,2023-11-06,Rafael Gomes,Dormitório,24.59,Loja Física,Em Produção,28211,500,27711,15967,11744,57,1.0
105,2024-11-05,João Silva,Banheiro,36.78,Facebook,Em Produção,20988,0,20988,13325,7663,49,5.0
106,2023-12-27,Carlos Oliveira,Dormitório,26.62,Indicação,Em Produção,44721,0,44721,28761,15960,76,1.0
107,2024-08-16,Fernanda Lima,Sala,30.91,Google,Aprovado,11612,0,11612,7970,3642,36,5.0
108,2024-01-10,Paulo Costa,Home Office,36.91,Facebook,Em Produção,35885,0,35885,24206,11679,63,1.0
109,2024-04-24,Rafael Gomes,Cozinha,38.82,Loja Física,Em Produção,12224,0,12224,8300,3924,31,4.0
110,2023-01-15,Paulo Costa,Sala,25.04,Instagram,Orçamento,38164,0,38164,23593,14571,49,4.0
111,2023-01-26,Ana Pereira,Home Office,27.32,Facebook,Em Produção,39792,0,39792,27348,12444,72,1.0
112,2023-05-24,Maria Santos,Cozinha,7.5,Loja Física,Aprovado,5438,0,5438,3803,1635,69,4.0
113,2024-01-15,Carlos Oliveira,Lavanderia,35.87,Indicação,Entregue,38402,500,37902,24504,13398,72,3.0
114,2023-02-03,Ana Pereira,Lavanderia,34.8,Indicação,Em Produção,27283,0,27283,16820,10463,89,
115,2024-01-03,Maria Santos,Cozinha,38.16,Facebook,Orçamento,29092,0,29092,16828,12264,47,
116,2024-10-16,Ana Pereira,Home Office,39.6,Loja Física,Aprovado,4399,0,4399,2938,1461,28,5.0
117,2023-08-01,Carlos Oliveira,Home Office,32.39,Loja Física,Orçamento,17152,0,17152,10278,6874,55,2.0
118,2023-05-14,João Silva,Home Office,8.74,Instagram,Aprovado,19426,0,19426,11004,8422,61,1.0
119,2023-06-28,Marcos Alves,Sala,8.09,Indicação,Entregue,6434,0,6434,4254,2180,77,3.0
120,2024-06-09,Camila Ribeiro,Home Office,5.56,Loja Física,Em Produção,10146,500,9646,6347,3299,78,
121,2023-02-01,Maria Santos,Cozinha,21.65,Facebook,Orçamento,34390,500,33890,21113,12777,30,3.0
122,2024-09-14,Camila Ribeiro,Dormitório,23.74,Instagram,Entregue,7304,0,7304,4318,2986,87,3.0
123,2024-04-09,Maria Santos,Home Office,34.7,Loja Física,Aprovado,42677,500,42177,24107,18070,75,4.0
124,2023-08-22,Maria Santos,Banheiro,15.25,Instagram,Em Produção,25212,500,24712,15374,9338,67,2.0
125,2024-12-04,Maria Santos,Banheiro,19.55,Instagram,Aprovado,7399,0,7399,4992,2407,27,5.0
126,2024-07-29,Fernanda Lima,Home Office,35.45,Facebook,Orçamento,24603,2000,22603,13982,8621,56,5.0
127,2023-11-16,Carlos Oliveira,Sala,27.64,Google,Orçamento,9789,1000,8789,6129,2660,64,5.0
128,2024-01-12,Rafael Gomes,Cozinha,34.43,Loja Física,Cancelado,21256,1000,20256,12411,7845,23,5.0
129,2024-11-04,Paulo Costa,Lavanderia,37.18,Instagram,Orçamento,20527,0,20527,11845,8682,43,2.0
130,2024-08-02,João Silva,Lavanderia,7.3,Loja Física,Aprovado,29265,0,29265,16718,12547,68,4.0
131,2024-04-09,Fernanda Lima,Sala,31.97,Loja Física,Cancelado,13315,0,13315,7945,5370,30,1.0
132,2023-06-09,Paulo Costa,Dormitório,19.95,Facebook,Entregue,43490,0,43490,28316,15174,76,4.0
133,2023-10-07,Maria Santos,Dormitório,14.2,Loja Física,Entregue,36577,0,36577,22011,14566,87,
134,2023-11-12,João Silva,Cozinha,4.28,Instagram,Aprovado,17451,500,16951,12174,4777,37,3.0
135,2023-10-24,Rafael Gomes,Sala,10.33,Facebook,Cancelado,10863,0,10863,6785,4078,49,5.0
136,2024-07-26,João Silva,Lavanderia,19.7,Facebook,Orçamento,26210,0,26210,15976,10234,60,5.0
137,2024-03-15,Paulo Costa,Home Office,8.15,Indicação,Em Produção,29504,2000,27504,19060,8444,41,5.0
138,2024-04-16,Maria Santos,Lavanderia,12.76,Loja Física,Entregue,26714,0,26714,16442,10272,87,1.0
139,2024-02-10,Carlos Oliveira,Sala,6.75,Indicação,Cancelado,25250,0,25250,15148,10102,85,2.0
140,2023-12-24,Paulo Costa,Sala,11.1,Loja Física,Aprovado,12679,0,12679,7168,5511,29,2.0
141,2024-10-05,Juliana Rocha,Banheiro,28.52,Loja Física,Cancelado,33405,1000,32405,22180,10225,61,
142,2023-11-20,Paulo Costa,Dormitório,32.67,Loja Física,Orçamento,31820,0,31820,19739,12081,65,5.0
143,2023-03-17,Fernanda Lima,Sala,33.94,Indicação,Orçamento,33260,500,32760,18480,14280,84,4.0
144,2024-04-18,Juliana Rocha,Home Office,36.73,Loja Física,Aprovado,39327,2000,37327,26914,10413,61,5.0
145,2024-05-02,Fernanda Lima,Home Office,39.37,Indicação,Cancelado,12886,0,12886,7958,4928,42,1.0
146,2023-09-11,Camila Ribeiro,Lavanderia,9.71,Instagram,Em Produção,31688,500,31188,19919,11269,69,4.0
147,2023-12-13,Fernanda Lima,Lavanderia,6.37,Indicação,Cancelado,42183,0,42183,28194,13989,69,3.0
148,2023-09-16,Camila Ribeiro,Lavanderia,27.89,Instagram,Em Produção,42498,0,42498,25498,17000,70,2.0
149,2024-09-01,Fernanda Lima,Lavanderia,33.27,Loja Física,Orçamento,8552,0,8552,5420,3132,74,5.0
150,2024-01-06,Ana Pereira,Cozinha,16.3,Facebook,Aprovado,26763,0,26763,15443,11320,48,2.0
151,2023-06-08,Marcos Alves,Cozinha,34.06,Loja Física,Orçamento,22385,0,22385,14016,8369,63,5.0
152,2023-05-15,Camila Ribeiro,Home Office,33.13,Google,Entregue,27688,0,27688,15902,11786,25,4.0
153,2024-01-09,Juliana Rocha,Lavanderia,12.42,Google,Em Produção,18566,500,18066,11911,6155,80,2.0
154,2024-01-12,Paulo Costa,Lavanderia,32.01,Loja Física,Cancelado,40383,500,39883,25007,14876,73,2.0
155,2023-07-24,Juliana Rocha,Home Office,35.47,Loja Física,Orçamento,12070,0,12070,6732,5338,86,1.0
156,2023-10-19,Marcos Alves,Cozinha,9.3,Facebook,Orçamento,13506,0,13506,8338,5168,48,4.0
157,2023-12-24,Fernanda Lima,Cozinha,12.49,Indicação,Em Produção,30190,0,30190,18399,11791,48,1.0
158,2023-11-23,Paulo Costa,Cozinha,37.03,Facebook,Aprovado,24973,0,24973,14250,10723,80,4.0
159,2024-09-22,Carlos Oliveira,Cozinha,23.76,Loja Física,Cancelado,8192,0,8192,4820,3372,74,1.0
160,2023-10-23,Rafael Gomes,Dormitório,27.0,Loja Física,Entregue,22736,0,22736,12667,10069,28,1.0
161,2024-05-26,Camila Ribeiro,Home Office,12.71,Google,Em Produção,38130,0,38130,24585,13545,74,1.0
162,2024-09-21,Maria Santos,Sala,22.85,Instagram,Orçamento,18765,1000,17765,11493,6272,87,5.0
163,2024-06-03,Juliana Rocha,Home Office,5.57,Facebook,Em Produção,39316,0,39316,23926,15390,52,
164,2023-01-17,Maria Santos,Sala,31.77,Instagram,Aprovado,7427,0,7427,4353,3074,25,3.0
165,2024-07-13,Juliana Rocha,Sala,26.74,Google,Orçamento,14474,2000,12474,8969,3505,78,1.0
166,2023-10-28,Fernanda Lima,Dormitório,37.6,Loja Física,Entregue,5870,0,5870,4008,1862,89,4.0
167,2023-09-17,João Silva,Cozinha,35.17,Instagram,Em Produção,15524,0,15524,9369,6155,35,3.0
168,2024-03-23,Carlos Oliveira,Banheiro,21.86,Facebook,Em Produção,31818,500,31318,19118,12200,86,3.0
169,2023-03-26,Carlos Oliveira,Lavanderia,23.64,Instagram,Orçamento,30820,0,30820,18941,11879,30,3.0
170,2024-11-07,Rafael Gomes,Sala,10.0,Facebook,Em Produção,23086,500,22586,14784,7802,77,1.0
171,2023-12-28,João Silva,Home Office,6.7,Facebook,Em Produção,31504,0,31504,20349,11155,85,
172,2024-11-26,Juliana Rocha,Dormitório,5.25,Indicação,Aprovado,5040,0,5040,3413,1627,66,3.0
173,2024-01-28,Juliana Rocha,Home Office,38.16,Instagram,Entregue,5122,1000,4122,2934,1188,29,5.0
174,2023-05-21,Paulo Costa,Home Office,12.99,Indicação,Orçamento,27048,500,26548,16151,10397,43,4.0
175,2024-06-14,Paulo Costa,Banheiro,29.35,Google,Cancelado,39809,0,39809,23458,16351,56,
176,2024-05-17,Juliana Rocha,Dormitório,10.22,Facebook,Orçamento,11037,0,11037,7482,3555,60,
177,2023-12-22,Paulo Costa,Lavanderia,34.65,Google,Em Produção,7255,1000,6255,4580,1675,85,2.0
178,2023-05-05,João Silva,Dormitório,16.99,Loja Física,Em Produção,12101,0,12101,8090,4011,79,5.0
179,2023-05-13,Juliana Rocha,Home Office,22.93,Facebook,Cancelado,8650,0,8650,5158,3492,29,2.0
180,2023-11-21,Marcos Alves,Lavanderia,16.4,Loja Física,Cancelado,7860,500,7360,4872,2488,43,2.0
181,2024-03-19,Paulo Costa,Home Office,9.93,Instagram,Aprovado,6631,0,6631,4162,2469,64,5.0
182,2023-10-18,Marcos Alves,Cozinha,13.88,Instagram,Cancelado,19423,0,19423,12532,6891,88,1.0
183,2024-05-29,Carlos Oliveira,Lavanderia,10.16,Loja Física,Cancelado,14051,1000,13051,9712,3339,63,5.0
184,2023-02-12,Camila Ribeiro,Cozinha,13.53,Google,Cancelado,8323,0,8323,5761,2562,73,5.0
185,2024-10-16,Paulo Costa,Cozinha,21.39,Facebook,Em Produção,35639,2000,33639,22518,11121,78,1.0
186,2024-12-06,Juliana Rocha,Cozinha,11.34,Loja Física,Aprovado,13359,500,12859,8180,4679,60,
187,2023-11-23,Fernanda Lima,Lavanderia,22.54,Indicação,Em Produção,25634,500,25134,14601,10533,50,4.0
188,2023-05-06,João Silva,Sala,14.45,Facebook,Cancelado,32464,0,32464,18541,13923,73,2.0
189,2023-06-13,Carlos Oliveira,Sala,21.94,Loja Física,Entregue,40859,2000,38859,24389,14470,83,3.0
190,2024-05-24,Ana Pereira,Cozinha,11.75,Instagram,Orçamento,8901,500,8401,5570,2831,26,3.0
191,2024-05-21,Maria Santos,Home Office,19.51,Instagram,Em Produção,33840,0,33840,21336,12504,71,3.0
192,2023-02-16,Fernanda Lima,Banheiro,23.92,Indicação,Entregue,6352,1000,5352,4028,1324,84,4.0
193,2024-07-17,Carlos Oliveira,Sala,39.1,Facebook,Em Produção,43844,2000,41844,28132,13712,63,5.0
194,2024-01-10,Marcos Alves,Dormitório,5.45,Indicação,Aprovado,16045,1000,15045,10050,4995,62,4.0
195,2024-06-15,Carlos Oliveira,Banheiro,15.81,Loja Física,Em Produção,12760,1000,11760,8727,3033,40,4.0
196,2024-09-23,Marcos Alves,Lavanderia,23.16,Loja Física,Em Produção,22610,1000,21610,13576,8034,80,1.0
197,2024-01-13,João Silva,Sala,25.49,Instagram,Cancelado,10183,500,9683,6492,3191,49,
198,2023-02-22,Camila Ribeiro,Home Office,31.89,Facebook,Aprovado,34486,0,34486,21679,12807,51,1.0
199,2024-08-09,Fernanda Lima,Lavanderia,19.08,Facebook,Aprovado,10202,0,10202,5640,4562,72,5.0
200,2024-09-18,Ana Pereira,Banheiro,24.19,Facebook,Cancelado,7081,2000,5081,4041,1040,68,3.0
201,2023-06-27,Paulo Costa,Banheiro,25.96,Google,Aprovado,37939,0,37939,23975,13964,55,5.0
202,2023-11-02,Juliana Rocha,Dormitório,15.41,Instagram,Cancelado,22504,0,22504,14756,7748,55,3.0
203,2023-05-05,Rafael Gomes,Home Office,33.46,Google,Em Produção,38598,500,38098,26415,11683,25,3.0
204,2023-03-22,Juliana Rocha,Sala,11.7,Loja Física,Em Produção,31991,2000,29991,18825,11166,54,2.0
205,2023-04-22,Marcos Alves,Home Office,12.12,Google,Orçamento,41458,0,41458,24309,17149,32,4.0
206,2023-12-05,Carlos Oliveira,Lavanderia,4.19,Loja Física,Aprovado,33959,0,33959,22147,11812,72,
207,2024-05-02,João Silva,Banheiro,36.69,Indicação,Cancelado,16071,0,16071,9613,6458,49,5.0
208,2023-02-08,João Silva,Dormitório,39.9,Facebook,Entregue,30386,0,30386,20969,9417,43,
209,2023-10-24,Maria Santos,Cozinha,37.42,Instagram,Em Produção,3607,0,3607,2291,1316,78,
210,2024-07-10,Juliana Rocha,Home Office,13.82,Indicação,Em Produção,35369,0,35369,23968,11401,40,
211,2024-04-14,Fernanda Lima,Lavanderia,32.47,Loja Física,Aprovado,19860,2000,17860,11477,6383,42,5.0
212,2024-10-16,Rafael Gomes,Banheiro,28.09,Google,Aprovado,31029,1000,30029,18592,11437,81,3.0
213,2023-09-12,Paulo Costa,Cozinha,38.35,Instagram,Cancelado,20090,500,19590,11759,7831,21,3.0
214,2024-10-31,Juliana Rocha,Sala,15.05,Facebook,Cancelado,18486,0,18486,12019,6467,59,
215,2023-05-01,Ana Pereira,Lavanderia,38.46,Facebook,Aprovado,22335,0,22335,14343,7992,78,
216,2024-09-12,Juliana Rocha,Sala,31.26,Google,Aprovado,30252,2000,28252,19130,9122,30,5.0
217,2024-04-02,Maria Santos,Home Office,6.22,Loja Física,Cancelado,26709,0,26709,18364,8345,45,5.0
218,2024-07-03,Juliana Rocha,Dormitório,8.18,Google,Cancelado,13783,0,13783,9347,4436,82,1.0
219,2024-06-06,Rafael Gomes,Banheiro,20.44,Indicação,Cancelado,6646,500,6146,3786,2360,79,
220,2023-11-12,João Silva,Lavanderia,30.85,Loja Física,Orçamento,4426,500,3926,2603,1323,25,4.0
221,2023-12-19,Maria Santos,Lavanderia,39.5,Facebook,Orçamento,7178,1000,6178,5018,1160,56,4.0
222,2023-07-04,Rafael Gomes,Dormitório,20.15,Facebook,Entregue,30548,0,30548,21350,9198,30,
223,2024-11-08,Maria Santos,Home Office,10.43,Loja Física,Entregue,11715,2000,9715,7954,1761,87,2.0
224,2023-08-17,Marcos Alves,Cozinha,19.27,Facebook,Aprovado,4489,0,4489,2780,1709,51,4.0
225,2023-12-21,Maria Santos,Dormitório,5.16,Facebook,Cancelado,21064,0,21064,14547,6517,22,2.0
226,2023-07-31,Camila Ribeiro,Cozinha,28.19,Indicação,Aprovado,9612,1000,8612,5335,3277,25,4.0
227,2024-03-25,João Silva,Dormitório,9.04,Instagram,Aprovado,38373,0,38373,25447,12926,60,5.0
228,2024-09-04,Carlos Oliveira,Lavanderia,39.49,Loja Física,Aprovado,24015,0,24015,14295,9720,72,3.0
229,2023-10-09,Carlos Oliveira,Cozinha,26.54,Facebook,Cancelado,39485,1000,38485,26927,11558,83,1.0
230,2023-12-19,Rafael Gomes,Lavanderia,18.7,Instagram,Entregue,27979,1000,26979,16726,10253,43,5.0
231,2024-04-29,Carlos Oliveira,Dormitório,33.01,Indicação,Cancelado,17768,0,17768,12057,5711,72,4.0
232,2024-07-24,Ana Pereira,Home Office,15.89,Indicação,Entregue,11787,500,11287,6912,4375,67,1.0
233,2024-07-02,Camila Ribeiro,Lavanderia,25.71,Indicação,Aprovado,15483,0,15483,9139,6344,47,4.0
234,2023-08-02,Ana Pereira,Sala,38.63,Indicação,Entregue,22869,0,22869,13304,9565,51,
235,2024-09-10,Marcos Alves,Lavanderia,15.58,Instagram,Entregue,16402,500,15902,11272,4630,79,5.0
236,2024-10-26,Juliana Rocha,Sala,20.78,Facebook,Em Produção,23212,0,23212,14018,9194,46,3.0
237,2023-11-17,Carlos Oliveira,Banheiro,4.58,Loja Física,Cancelado,5996,1000,4996,4074,922,73,3.0
238,2023-06-06,Ana Pereira,Dormitório,21.97,Instagram,Em Produção,24618,0,24618,14942,9676,82,
239,2024-10-19,Fernanda Lima,Lavanderia,10.09,Loja Física,Entregue,35151,500,34651,20220,14431,43,5.0
240,2024-10-19,Maria Santos,Cozinha,38.03,Indicação,Orçamento,37337,0,37337,25234,12103,72,2.0
241,2024-10-07,Ana Pereira,Dormitório,22.21,Instagram,Orçamento,7454,2000,5454,4268,1186,81,
242,2024-05-14,João Silva,Cozinha,4.6,Instagram,Cancelado,3433,1000,2433,2172,261,56,1.0
243,2024-05-29,Maria Santos,Lavanderia,22.88,Google,Aprovado,31218,0,31218,17671,13547,87,3.0
244,2023-12-29,Rafael Gomes,Sala,20.52,Google,Aprovado,29011,0,29011,17579,11432,58,
245,2023-03-24,Rafael Gomes,Lavanderia,23.9,Indicação,Orçamento,5076,0,5076,3100,1976,41,1.0
246,2024-05-26,Maria Santos,Banheiro,36.21,Indicação,Aprovado,24710,1000,23710,17212,6498,47,
247,2024-08-03,Paulo Costa,Banheiro,36.38,Loja Física,Orçamento,20766,0,20766,14299,6467,42,3.0
248,2023-01-17,Rafael Gomes,Dormitório,37.44,Instagram,Aprovado,41471,0,41471,27488,13983,50,5.0
249,2024-02-03,Carlos Oliveira,Lavanderia,32.46,Indicação,Cancelado,38426,0,38426,23346,15080,64,1.0
250,2023-04-11,Camila Ribeiro,Banheiro,38.37,Facebook,Em Produção,18213,0,18213,10947,7266,23,
251,2023-10-07,Rafael Gomes,Banheiro,19.55,Loja Física,Entregue,35152,0,35152,21209,13943,30,5.0
252,2023-10-30,Rafael Gomes,Dormitório,29.62,Google,Entregue,7817,0,7817,4613,3204,60,3.0
253,2023-04-20,Paulo Costa,Cozinha,7.68,Indicação,Aprovado,3340,0,3340,2059,1281,75,4.0
254,2024-07-24,Maria Santos,Home Office,16.74,Indicação,Cancelado,36583,500,36083,20687,15396,61,4.0
255,2023-01-13,Marcos Alves,Sala,36.59,Google,Cancelado,30119,500,29619,20085,9534,86,2.0
256,2024-12-02,Paulo Costa,Banheiro,21.75,Indicação,Aprovado,14108,0,14108,8328,5780,75,3.0
257,2024-03-07,Ana Pereira,Sala,29.95,Facebook,Cancelado,34734,0,34734,20985,13749,45,4.0
258,2023-04-20,Fernanda Lima,Dormitório,34.3,Facebook,Em Produção,22966,0,22966,15899,7067,76,3.0
259,2024-03-16,Camila Ribeiro,Lavanderia,38.1,Google,Entregue,41954,0,41954,24965,16989,60,2.0
260,2024-02-12,Juliana Rocha,Sala,38.84,Google,Em Produção,22100,2000,20100,14458,5642,68,3.0
261,2024-02-07,Marcos Alves,Sala,10.48,Loja Física,Orçamento,10463,1000,9463,6068,3395,79,
262,2023-08-03,Rafael Gomes,Banheiro,28.23,Google,Em Produção,22092,2000,20092,12379,7713,50,3.0
263,2024-11-05,Camila Ribeiro,Dormitório,21.25,Facebook,Cancelado,30730,500,30230,17242,12988,84,
264,2024-03-04,Marcos Alves,Home Office,25.38,Indicação,Orçamento,5409,0,5409,3544,1865,51,
265,2024-11-11,Camila Ribeiro,Sala,39.41,Facebook,Em Produção,13901,2000,11901,8923,2978,75,1.0
266,2023-01-11,Marcos Alves,Cozinha,24.09,Loja Física,Aprovado,19956,0,19956,12504,7452,77,3.0
267,2024-02-05,Fernanda Lima,Banheiro,39.92,Facebook,Orçamento,41573,2000,39573,25986,13587,57,4.0
268,2023-03-29,Juliana Rocha,Cozinha,32.23,Loja Física,Entregue,12284,0,12284,7330,4954,64,4.0
269,2023-04-10,João Silva,Banheiro,33.17,Indicação,Orçamento,32651,0,32651,18287,14364,63,
270,2023-04-22,Carlos Oliveira,Lavanderia,23.87,Instagram,Cancelado,13771,2000,11771,8077,3694,74,4.0
271,2023-08-26,Rafael Gomes,Banheiro,18.24,Loja Física,Aprovado,44271,0,44271,25586,18685,77,5.0
272,2024-03-15,Paulo Costa,Banheiro,31.08,Indicação,Cancelado,3291,2000,1291,1916,-625,33,5.0
273,2023-07-11,Paulo Costa,Sala,28.15,Facebook,Cancelado,24363,0,24363,15071,9292,60,5.0
274,2024-02-02,Fernanda Lima,Home Office,34.44,Loja Física,Aprovado,28725,1000,27725,16290,11435,58,5.0
275,2024-08-27,Paulo Costa,Cozinha,8.21,Instagram,Aprovado,11778,0,11778,6686,5092,85,4.0
276,2024-03-04,Carlos Oliveira,Home Office,21.52,Loja Física,Aprovado,12035,1000,11035,7311,3724,41,4.0
277,2023-10-23,Camila Ribeiro,Dormitório,5.93,Instagram,Orçamento,15261,0,15261,10320,4941,82,2.0
278,2023-07-19,Rafael Gomes,Banheiro,28.65,Facebook,Entregue,39803,1000,38803,25790,13013,82,2.0
279,2023-03-26,Paulo Costa,Home Office,12.09,Instagram,Aprovado,5022,0,5022,2982,2040,78,5.0
280,2024-05-22,Paulo Costa,Home Office,31.9,Instagram,Cancelado,36476,0,36476,23195,13281,25,
281,2024-03-27,Ana Pereira,Home Office,14.72,Indicação,Entregue,17322,500,16822,9793,7029,53,3.0
282,2023-03-31,Camila Ribeiro,Banheiro,28.81,Loja Física,Entregue,10693,0,10693,6217,4476,41,5.0
283,2023-05-23,Marcos Alves,Dormitório,14.12,Loja Física,Aprovado,16562,0,16562,10525,6037,61,
284,2023-10-27,Marcos Alves,Sala,39.48,Indicação,Aprovado,40534,0,40534,28084,12450,72,1.0
285,2023-10-11,Ana Pereira,Lavanderia,9.26,Instagram,Aprovado,11315,2000,9315,7693,1622,70,4.0
286,2023-05-26,Rafael Gomes,Home Office,20.27,Indicação,Entregue,44445,0,44445,28630,15815,85,
287,2023-10-12,Fernanda Lima,Lavanderia,24.95,Indicação,Entregue,27187,500,26687,18828,7859,65,1.0
288,2024-07-01,Juliana Rocha,Banheiro,13.67,Instagram,Em Produção,17275,500,16775,11638,5137,90,5.0
289,2023-05-14,João Silva,Home Office,5.65,Facebook,Orçamento,34807,0,34807,23812,10995,35,2.0
290,2024-03-27,Carlos Oliveira,Banheiro,35.76,Instagram,Aprovado,3044,500,2544,1766,778,55,1.0
291,2024-11-01,Carlos Oliveira,Sala,5.86,Instagram,Aprovado,19409,0,19409,11757,7652,74,
292,2023-04-04,Maria Santos,Lavanderia,8.78,Google,Cancelado,9237,0,9237,5376,3861,76,1.0
293,2023-01-09,Rafael Gomes,Lavanderia,28.99,Facebook,Orçamento,25516,0,25516,17815,7701,49,4.0
294,2023-04-02,Paulo Costa,Lavanderia,8.94,Google,Aprovado,9712,0,9712,5798,3914,28,5.0
295,2024-07-30,Fernanda Lima,Cozinha,30.01,Google,Entregue,42997,2000,40997,24706,16291,76,2.0
296,2023-03-30,Rafael Gomes,Cozinha,16.66,Facebook,Em Produção,12175,0,12175,7772,4403,37,2.0
297,2023-10-11,Camila Ribeiro,Lavanderia,29.96,Instagram,Orçamento,8521,0,8521,5393,3128,58,2.0
298,2024-06-14,Paulo Costa,Home Office,27.26,Google,Entregue,36392,0,36392,24097,12295,69,1.0
299,2023-09-04,João Silva,Banheiro,39.53,Instagram,Aprovado,44817,1000,43817,25126,18691,69,5.0
300,2024-03-06,Juliana Rocha,Sala,38.36,Indicação,Orçamento,38806,2000,36806,22348,14458,28,1.0
301,2023-09-26,Rafael Gomes,Dormitório,22.24,Loja Física,Entregue,5610,0,5610,3883,1727,74,
302,2024-02-16,Carlos Oliveira,Cozinha,13.99,Instagram,Orçamento,44978,1000,43978,28365,15613,85,2.0
303,2023-06-09,Maria Santos,Home Office,15.17,Facebook,Aprovado,24413,500,23913,15574,8339,27,2.0
304,2023-03-30,João Silva,Banheiro,15.13,Google,Orçamento,10601,500,10101,6804,3297,21,
305,2023-05-21,Fernanda Lima,Lavanderia,22.83,Instagram,Aprovado,3743,0,3743,2337,1406,67,2.0
306,2023-10-03,Rafael Gomes,Lavanderia,13.79,Indicação,Em Produção,10736,0,10736,6444,4292,29,4.0
307,2024-04-11,Camila Ribeiro,Home Office,10.01,Google,Em Produção,26601,0,26601,16624,9977,33,5.0
308,2024-11-21,João Silva,Lavanderia,5.59,Indicação,Aprovado,10558,0,10558,6980,3578,25,4.0
309,2024-01-08,João Silva,Banheiro,23.9,Facebook,Aprovado,12835,0,12835,8851,3984,61,2.0
310,2024-03-02,Camila Ribeiro,Lavanderia,17.42,Loja Física,Orçamento,23967,0,23967,16151,7816,42,2.0
311,2024-06-12,Paulo Costa,Cozinha,31.85,Instagram,Em Produção,29275,0,29275,19952,9323,31,5.0
312,2024-04-12,Paulo Costa,Cozinha,30.62,Google,Entregue,27177,0,27177,16136,11041,67,5.0
313,2024-05-20,Rafael Gomes,Dormitório,4.86,Loja Física,Em Produção,38819,0,38819,22227,16592,21,3.0
314,2023-01-02,Maria Santos,Lavanderia,11.39,Google,Entregue,27659,2000,25659,18229,7430,82,1.0
315,2023-05-26,Ana Pereira,Lavanderia,36.3,Loja Física,Entregue,21338,0,21338,11876,9462,67,4.0
316,2023-03-28,Rafael Gomes,Home Office,6.69,Loja Física,Orçamento,9263,1000,8263,5280,2983,75,
317,2023-05-14,Rafael Gomes,Dormitório,29.23,Instagram,Em Produção,22115,0,22115,14985,7130,77,3.0
318,2023-08-28,Camila Ribeiro,Cozinha,7.92,Indicação,Aprovado,16284,0,16284,10861,5423,77,4.0
319,2023-11-18,Ana Pereira,Banheiro,20.27,Facebook,Em Produção,10912,1000,9912,6588,3324,35,1.0
320,2023-06-11,João Silva,Lavanderia,11.74,Instagram,Aprovado,22937,2000,20937,15012,5925,31,
321,2023-09-12,Paulo Costa,Sala,13.37,Google,Orçamento,28968,1000,27968,16145,11823,71,4.0
322,2024-07-23,Maria Santos,Lavanderia,32.94,Google,Orçamento,39052,0,39052,22033,17019,21,1.0
323,2023-08-16,Maria Santos,Dormitório,24.96,Instagram,Orçamento,15984,500,15484,9683,5801,22,1.0
324,2023-07-22,Fernanda Lima,Lavanderia,8.41,Facebook,Orçamento,32060,0,32060,18075,13985,41,5.0
325,2024-03-19,Rafael Gomes,Lavanderia,10.22,Google,Aprovado,28886,500,28386,16015,12371,55,3.0
326,2024-04-01,Ana Pereira,Dormitório,27.3,Facebook,Entregue,5270,1000,4270,3387,883,90,4.0
327,2023-03-04,Ana Pereira,Cozinha,27.14,Loja Física,Aprovado,21335,500,20835,12173,8662,89,1.0
328,2024-01-27,Juliana Rocha,Lavanderia,16.39,Loja Física,Cancelado,26534,500,26034,16760,9274,61,4.0
329,2023-10-04,João Silva,Dormitório,36.25,Instagram,Orçamento,4708,0,4708,3011,1697,80,5.0
330,2024-01-02,Ana Pereira,Home Office,13.59,Indicação,Aprovado,18254,0,18254,10313,7941,69,3.0
331,2023-06-27,Fernanda Lima,Dormitório,36.9,Indicação,Em Produção,18502,1000,17502,11058,6444,38,5.0
332,2023-07-12,João Silva,Banheiro,7.25,Google,Cancelado,38528,0,38528,22204,16324,48,1.0
333,2024-06-23,Ana Pereira,Banheiro,33.03,Instagram,Aprovado,3044,0,3044,2093,951,61,1.0
334,2023-01-23,Maria Santos,Dormitório,34.47,Instagram,Orçamento,41444,2000,39444,28496,10948,67,
335,2024-11-09,Fernanda Lima,Banheiro,8.91,Google,Entregue,41405,0,41405,24863,16542,82,
336,2023-11-21,Camila Ribeiro,Dormitório,32.33,Google,Cancelado,39829,2000,37829,27220,10609,42,4.0
337,2023-11-11,João Silva,Lavanderia,38.16,Loja Física,Entregue,22301,0,22301,12860,9441,24,2.0
338,2024-09-08,Maria Santos,Sala,37.72,Google,Em Produção,43067,0,43067,27819,15248,29,2.0
339,2023-12-22,Maria Santos,Sala,33.58,Instagram,Entregue,14002,2000,12002,9560,2442,21,3.0
340,2023-08-03,Maria Santos,Dormitório,29.93,Indicação,Entregue,7442,0,7442,4379,3063,76,
341,2024-03-05,Fernanda Lima,Dormitório,23.66,Indicação,Entregue,30133,500,29633,20558,9075,48,2.0
342,2024-04-07,Paulo Costa,Cozinha,38.26,Indicação,Em Produção,5189,0,5189,2869,2320,41,4.0
343,2023-06-14,Maria Santos,Lavanderia,16.17,Loja Física,Entregue,7915,1000,6915,5471,1444,23,4.0
344,2024-10-31,Maria Santos,Dormitório,15.92,Google,Entregue,42801,500,42301,24549,17752,90,
345,2024-07-07,João Silva,Sala,18.14,Loja Física,Entregue,21449,0,21449,12561,8888,39,1.0
346,2024-01-05,Camila Ribeiro,Cozinha,21.29,Indicação,Orçamento,31023,0,31023,18433,12590,46,2.0
347,2024-10-15,Paulo Costa,Sala,32.26,Facebook,Entregue,8369,500,7869,5662,2207,53,1.0
348,2024-10-19,Rafael Gomes,Home Office,17.3,Facebook,Orçamento,28396,0,28396,17198,11198,53,4.0
349,2024-04-21,Carlos Oliveira,Sala,31.08,Indicação,Orçamento,17827,0,17827,11313,6514,64,5.0
350,2024-02-28,Rafael Gomes,Home Office,33.46,Facebook,Cancelado,17910,1000,16910,10014,6896,80,5.0
351,2023-08-30,João Silva,Banheiro,22.08,Loja Física,Cancelado,22585,0,22585,13759,8826,38,1.0
352,2024-04-04,Carlos Oliveira,Dormitório,5.54,Indicação,Entregue,13955,0,13955,9367,4588,45,
353,2023-06-01,Maria Santos,Home Office,7.13,Loja Física,Entregue,19900,0,19900,13663,6237,90,3.0
354,2023-10-10,Camila Ribeiro,Home Office,25.15,Facebook,Orçamento,33025,0,33025,22060,10965,73,2.0
355,2023-06-01,Maria Santos,Home Office,37.3,Loja Física,Orçamento,41530,1000,40530,27565,12965,56,5.0
356,2023-12-19,Camila Ribeiro,Banheiro,25.92,Indicação,Aprovado,20310,500,19810,13165,6645,55,4.0
357,2023-05-28,João Silva,Home Office,18.25,Instagram,Aprovado,42888,2000,40888,28050,12838,26,
358,2024-05-01,Paulo Costa,Sala,15.19,Facebook,Orçamento,27408,0,27408,16463,10945,49,2.0
359,2023-11-04,Rafael Gomes,Lavanderia,25.78,Indicação,Aprovado,32039,0,32039,18916,13123,76,2.0
360,2024-02-21,João Silva,Lavanderia,22.55,Google,Orçamento,34749,1000,33749,23632,10117,59,
361,2024-06-02,João Silva,Banheiro,10.25,Google,Orçamento,11889,1000,10889,8107,2782,51,1.0
362,2024-04-12,Fernanda Lima,Cozinha,33.65,Loja Física,Entregue,26617,2000,24617,15434,9183,35,
363,2023-02-01,Carlos Oliveira,Dormitório,38.58,Facebook,Cancelado,27409,500,26909,17517,9392,90,3.0
364,2023-12-19,Maria Santos,Dormitório,14.26,Facebook,Orçamento,19951,2000,17951,13459,4492,40,5.0
365,2023-08-08,Rafael Gomes,Dormitório,22.48,Indicação,Entregue,17752,2000,15752,10314,5438,36,
366,2023-06-27,Paulo Costa,Home Office,29.66,Instagram,Entregue,3554,0,3554,2089,1465,68,3.0
367,2024-04-15,Marcos Alves,Sala,33.68,Facebook,Cancelado,17300,500,16800,10299,6501,33,1.0
368,2024-06-07,Camila Ribeiro,Lavanderia,14.18,Indicação,Entregue,27525,1000,26525,17811,8714,28,3.0
369,2023-10-11,Paulo Costa,Lavanderia,10.78,Loja Física,Aprovado,24308,0,24308,14321,9987,27,5.0
370,2024-02-18,João Silva,Lavanderia,27.59,Instagram,Em Produção,23944,2000,21944,13671,8273,73,4.0
371,2024-02-02,Camila Ribeiro,Lavanderia,33.38,Instagram,Aprovado,5314,1000,4314,3487,827,88,
372,2024-05-02,Carlos Oliveira,Lavanderia,34.26,Loja Física,Aprovado,26494,1000,25494,15764,9730,57,1.0
373,2024-04-27,Carlos Oliveira,Dormitório,38.09,Instagram,Orçamento,19951,2000,17951,13392,4559,48,3.0
374,2023-08-17,Fernanda Lima,Lavanderia,17.38,Loja Física,Em Produção,23125,500,22625,15452,7173,79,1.0
375,2024-04-26,Camila Ribeiro,Cozinha,6.56,Google,Cancelado,44575,1000,43575,28396,15179,35,
376,2024-01-26,Carlos Oliveira,Home Office,8.95,Google,Em Produção,22553,500,22053,12587,9466,72,5.0
377,2024-04-13,Maria Santos,Dormitório,21.55,Google,Em Produção,23734,2000,21734,13695,8039,27,1.0
378,2024-04-07,Carlos Oliveira,Sala,21.62,Indicação,Aprovado,16722,0,16722,10642,6080,75,
379,2024-03-15,João Silva,Banheiro,23.22,Instagram,Orçamento,31116,500,30616,18902,11714,61,5.0
380,2023-07-15,Ana Pereira,Cozinha,28.97,Instagram,Em Produção,3270,2000,1270,2158,-888,36,1.0
381,2024-01-28,João Silva,Home Office,14.74,Instagram,Entregue,41579,0,41579,23910,17669,86,5.0
382,2024-06-20,Fernanda Lima,Sala,39.86,Facebook,Em Produção,31420,2000,29420,21972,7448,44,2.0
383,2024-02-18,Carlos Oliveira,Cozinha,11.6,Indicação,Cancelado,17969,0,17969,11842,6127,84,2.0
384,2023-05-07,Paulo Costa,Sala,31.76,Loja Física,Orçamento,5448,500,4948,3712,1236,26,
385,2023-04-21,Rafael Gomes,Lavanderia,20.0,Indicação,Cancelado,4293,0,4293,2805,1488,52,4.0
386,2024-12-19,João Silva,Dormitório,14.84,Indicação,Cancelado,16467,2000,14467,10750,3717,54,5.0
387,2024-09-12,Maria Santos,Lavanderia,22.42,Loja Física,Orçamento,11989,500,11489,8087,3402,56,1.0
388,2023-04-19,Paulo Costa,Banheiro,33.93,Google,Em Produção,16018,1000,15018,9289,5729,72,3.0
389,2023-06-14,Juliana Rocha,Cozinha,15.9,Indicação,Orçamento,38922,500,38422,26722,11700,31,1.0
390,2024-08-10,Marcos Alves,Lavanderia,6.7,Indicação,Em Produção,35381,0,35381,24498,10883,49,4.0
391,2023-10-31,Carlos Oliveira,Sala,35.47,Instagram,Em Produção,33426,0,33426,18884,14542,60,4.0
392,2023-04-29,Carlos Oliveira,Cozinha,15.83,Facebook,Cancelado,6007,0,6007,4071,1936,54,
393,2023-04-06,Rafael Gomes,Sala,38.64,Instagram,Entregue,25460,0,25460,14437,11023,81,4.0
394,2024-10-26,João Silva,Dormitório,39.34,Google,Orçamento,10409,0,10409,6811,3598,73,5.0
395,2024-05-09,Fernanda Lima,Home Office,26.01,Google,Entregue,31715,0,31715,20351,11364,82,1.0
396,2024-02-26,Fernanda Lima,Banheiro,4.44,Loja Física,Cancelado,6012,0,6012,3542,2470,48,
397,2023-12-13,Maria Santos,Home Office,19.58,Google,Entregue,37282,2000,35282,24422,10860,64,
398,2024-11-23,Marcos Alves,Lavanderia,36.11,Loja Física,Orçamento,28223,0,28223,19074,9149,21,
399,2023-06-10,Maria Santos,Home Office,31.05,Instagram,Aprovado,33755,500,33255,22967,10288,62,3.0
400,2023-02-21,Rafael Gomes,Home Office,33.42,Indicação,Entregue,17595,1000,16595,11375,5220,76,5.0
401,2024-04-03,Juliana Rocha,Cozinha,30.83,Indicação,Orçamento,35666,500,35166,21307,13859,71,4.0
402,2023-02-06,Camila Ribeiro,Home Office,38.67,Instagram,Cancelado,38985,0,38985,26271,12714,46,
403,2024-11-18,Ana Pereira,Banheiro,34.4,Instagram,Cancelado,25338,0,25338,17072,8266,80,
404,2024-11-03,Ana Pereira,Sala,4.08,Instagram,Em Produção,32657,0,32657,18438,14219,90,5.0
405,2024-01-18,Juliana Rocha,Lavanderia,9.06,Facebook,Orçamento,9967,0,9967,6822,3145,52,5.0
406,2023-07-20,Ana Pereira,Dormitório,29.8,Indicação,Entregue,10913,500,10413,6355,4058,25,
407,2024-11-19,Camila Ribeiro,Home Office,38.42,Google,Entregue,11075,500,10575,6851,3724,20,5.0
408,2023-02-19,Marcos Alves,Home Office,32.12,Google,Cancelado,31364,1000,30364,19522,10842,42,
409,2023-05-12,Fernanda Lima,Cozinha,22.15,Facebook,Entregue,28389,2000,26389,18171,8218,51,3.0
410,2024-02-12,Carlos Oliveira,Sala,18.86,Loja Física,Em Produção,22278,500,21778,14942,6836,90,3.0
411,2024-12-29,Ana Pereira,Lavanderia,26.47,Instagram,Em Produção,39279,2000,37279,22883,14396,36,
412,2024-10-27,Fernanda Lima,Dormitório,29.57,Instagram,Cancelado,36023,1000,35023,23564,11459,81,5.0
413,2024-08-07,Marcos Alves,Lavanderia,14.29,Facebook,Orçamento,30359,2000,28359,20103,8256,86,1.0
414,2023-01-26,Ana Pereira,Banheiro,13.61,Google,Em Produção,12524,0,12524,8147,4377,52,2.0
415,2023-03-05,João Silva,Lavanderia,16.91,Facebook,Orçamento,22342,0,22342,14813,7529,48,
416,2024-10-24,Paulo Costa,Home Office,28.95,Indicação,Entregue,28486,0,28486,17850,10636,69,4.0
417,2024-12-02,Paulo Costa,Sala,11.31,Facebook,Aprovado,39184,0,39184,21627,17557,67,5.0
418,2024-07-13,Ana Pereira,Lavanderia,14.59,Google,Orçamento,42543,0,42543,28351,14192,43,2.0
419,2024-06-10,Marcos Alves,Cozinha,13.51,Google,Cancelado,27720,0,27720,17027,10693,52,1.0
420,2023-12-05,Fernanda Lima,Banheiro,25.49,Loja Física,Em Produção,13145,0,13145,7532,5613,82,5.0
421,2024-07-17,Ana Pereira,Sala,38.45,Loja Física,Orçamento,7776,2000,5776,4647,1129,84,2.0
422,2024-03-01,Ana Pereira,Home Office,35.8,Instagram,Em Produção,38195,500,37695,21534,16161,66,3.0
423,2023-08-12,João Silva,Home Office,8.13,Instagram,Entregue,37766,500,37266,26417,10849,50,
424,2024-09-20,Fernanda Lima,Home Office,17.73,Indicação,Entregue,18979,0,18979,12381,6598,52,5.0
425,2023-10-17,Marcos Alves,Cozinha,20.04,Indicação,Em Produção,36873,0,36873,23124,13749,44,3.0
426,2024-06-10,Marcos Alves,Cozinha,23.2,Indicação,Aprovado,9288,0,9288,6462,2826,47,
427,2024-03-10,Rafael Gomes,Cozinha,27.28,Indicação,Aprovado,16472,1000,15472,11107,4365,23,4.0
428,2023-12-06,Paulo Costa,Cozinha,24.09,Loja Física,Aprovado,8735,0,8735,4875,3860,53,4.0
429,2024-02-02,João Silva,Banheiro,18.02,Indicação,Cancelado,44301,500,43801,27243,16558,20,
430,2024-09-25,Maria Santos,Cozinha,16.88,Loja Física,Orçamento,41378,0,41378,27108,14270,57,
431,2023-11-05,Juliana Rocha,Home Office,17.73,Indicação,Entregue,8669,0,8669,5763,2906,40,5.0
432,2023-08-14,Carlos Oliveira,Dormitório,14.73,Instagram,Orçamento,28624,1000,27624,17009,10615,90,5.0
433,2023-05-25,Rafael Gomes,Cozinha,23.34,Indicação,Em Produção,5737,0,5737,3648,2089,46,
434,2023-12-19,Carlos Oliveira,Dormitório,9.79,Google,Cancelado,30043,2000,28043,20360,7683,52,2.0
435,2023-04-28,Marcos Alves,Dormitório,20.61,Loja Física,Orçamento,40178,0,40178,27228,12950,57,
436,2023-03-10,Juliana Rocha,Sala,38.26,Instagram,Aprovado,9435,0,9435,6216,3219,50,1.0
437,2023-10-19,Juliana Rocha,Home Office,15.82,Instagram,Cancelado,7574,0,7574,4526,3048,39,5.0
438,2024-08-03,Fernanda Lima,Sala,12.86,Google,Entregue,23731,500,23231,13652,9579,55,3.0
439,2023-05-18,Fernanda Lima,Lavanderia,31.89,Facebook,Cancelado,24729,500,24229,15317,8912,33,2.0
440,2024-10-23,Carlos Oliveira,Home Office,36.09,Google,Em Produção,8372,0,8372,5682,2690,29,
441,2023-03-19,Camila Ribeiro,Cozinha,24.84,Loja Física,Aprovado,36238,2000,34238,20100,14138,24,5.0
442,2023-09-24,Carlos Oliveira,Home Office,17.17,Google,Cancelado,38368,500,37868,24865,13003,57,2.0
443,2024-04-20,Marcos Alves,Home Office,4.38,Google,Cancelado,36450,0,36450,22216,14234,41,5.0
444,2023-05-24,Camila Ribeiro,Banheiro,27.74,Google,Entregue,13434,0,13434,8529,4905,65,1.0
445,2023-08-13,Ana Pereira,Banheiro,5.54,Google,Cancelado,18187,0,18187,10724,7463,66,4.0
446,2024-04-25,Fernanda Lima,Banheiro,7.72,Loja Física,Em Produção,6043,0,6043,4212,1831,53,5.0
447,2024-07-11,Fernanda Lima,Home Office,25.16,Indicação,Cancelado,14393,500,13893,9327,4566,52,4.0
448,2023-08-17,Fernanda Lima,Home Office,21.53,Facebook,Cancelado,29597,0,29597,19906,9691,20,5.0
449,2023-05-23,Paulo Costa,Banheiro,11.61,Google,Aprovado,13853,0,13853,7779,6074,66,5.0
450,2023-05-02,Maria Santos,Lavanderia,21.33,Facebook,Entregue,18095,500,17595,12153,5442,46,5.0
451,2023-06-15,Carlos Oliveira,Lavanderia,24.65,Google,Aprovado,29928,0,29928,17554,12374,85,1.0
452,2024-08-09,Carlos Oliveira,Dormitório,22.6,Facebook,Cancelado,6664,0,6664,3923,2741,22,
453,2024-11-08,Juliana Rocha,Sala,35.22,Google,Aprovado,8619,0,8619,5321,3298,72,5.0
454,2023-05-27,Paulo Costa,Home Office,10.04,Instagram,Entregue,14919,1000,13919,9681,4238,28,2.0
455,2024-01-23,Marcos Alves,Banheiro,34.95,Loja Física,Entregue,11664,0,11664,6444,5220,39,5.0
456,2023-04-09,Marcos Alves,Dormitório,22.12,Indicação,Orçamento,34186,1000,33186,21878,11308,81,
457,2023-05-14,Rafael Gomes,Home Office,22.79,Instagram,Orçamento,38342,0,38342,26246,12096,87,4.0
458,2023-08-23,Camila Ribeiro,Banheiro,7.52,Google,Em Produção,27984,0,27984,17863,10121,81,2.0
459,2023-03-27,Ana Pereira,Sala,4.2,Indicação,Cancelado,42209,1000,41209,25802,15407,86,1.0
460,2024-06-16,Fernanda Lima,Cozinha,18.72,Indicação,Aprovado,27577,2000,25577,16017,9560,74,
461,2024-08-22,Fernanda Lima,Sala,26.03,Facebook,Aprovado,20124,1000,19124,12346,6778,72,5.0
462,2024-07-24,Juliana Rocha,Banheiro,13.14,Instagram,Cancelado,14712,0,14712,9325,5387,64,
463,2024-02-12,Ana Pereira,Lavanderia,20.08,Google,Orçamento,12048,2000,10048,6841,3207,47,5.0
464,2024-02-15,João Silva,Sala,9.79,Indicação,Orçamento,39082,1000,38082,25581,12501,38,4.0
465,2024-09-06,Fernanda Lima,Banheiro,6.88,Indicação,Entregue,8776,0,8776,5173,3603,71,5.0
466,2024-11-02,João Silva,Home Office,38.05,Google,Entregue,21774,2000,19774,15122,4652,76,1.0
467,2023-07-26,Camila Ribeiro,Lavanderia,22.38,Google,Cancelado,36957,0,36957,21405,15552,41,
468,2023-02-06,Carlos Oliveira,Sala,7.13,Instagram,Entregue,18679,2000,16679,10274,6405,65,
469,2024-02-09,Maria Santos,Banheiro,37.09,Loja Física,Em Produção,41409,0,41409,25990,15419,64,3.0
470,2023-10-11,Rafael Gomes,Dormitório,24.7,Instagram,Aprovado,42738,0,42738,26421,16317,72,5.0
471,2023-04-20,Maria Santos,Home Office,32.91,Instagram,Cancelado,7743,1000,6743,4600,2143,52,
472,2024-03-29,Fernanda Lima,Banheiro,38.6,Facebook,Entregue,39907,500,39407,26557,12850,23,4.0
473,2023-04-30,Ana Pereira,Sala,28.37,Google,Em Produção,7427,500,6927,4790,2137,72,3.0
474,2024-06-12,Ana Pereira,Home Office,14.34,Facebook,Em Produção,3637,2000,1637,2454,-817,29,5.0
475,2023-07-02,Camila Ribeiro,Banheiro,13.69,Google,Entregue,23569,0,23569,13735,9834,45,2.0
476,2023-09-05,Ana Pereira,Sala,34.11,Instagram,Aprovado,16551,0,16551,9606,6945,33,1.0
477,2023-03-22,Marcos Alves,Lavanderia,38.49,Facebook,Em Produção,35287,1000,34287,19442,14845,60,4.0
478,2024-08-11,Marcos Alves,Sala,14.09,Google,Cancelado,35165,0,35165,24533,10632,36,1.0
479,2024-06-22,Fernanda Lima,Banheiro,18.17,Google,Entregue,34347,1000,33347,19058,14289,35,
480,2024-06-14,Ana Pereira,Banheiro,17.66,Indicação,Em Produção,23686,2000,21686,13057,8629,66,5.0
481,2023-09-23,Juliana Rocha,Dormitório,38.51,Instagram,Em Produção,38950,0,38950,22807,16143,43,4.0
482,2024-03-10,Fernanda Lima,Dormitório,34.76,Instagram,Entregue,30465,2000,28465,20193,8272,43,5.0
483,2023-05-15,Ana Pereira,Home Office,23.99,Facebook,Aprovado,17979,0,17979,11832,6147,38,
484,2023-06-03,Carlos Oliveira,Banheiro,39.84,Loja Física,Cancelado,3638,0,3638,2230,1408,60,4.0
485,2023-11-04,Maria Santos,Sala,28.86,Indicação,Aprovado,39840,1000,38840,22197,16643,52,4.0
486,2024-10-06,Fernanda Lima,Cozinha,16.97,Loja Física,Em Produção,32481,2000,30481,19495,10986,64,1.0
487,2024-02-26,Ana Pereira,Cozinha,24.77,Loja Física,Aprovado,26009,2000,24009,18062,5947,56,3.0
488,2023-11-29,Juliana Rocha,Lavanderia,36.03,Facebook,Cancelado,36452,500,35952,24284,11668,56,4.0
489,2024-10-08,Fernanda Lima,Dormitório,19.19,Loja Física,Cancelado,13982,2000,11982,9384,2598,71,1.0
490,2023-03-23,Paulo Costa,Dormitório,29.58,Loja Física,Entregue,25519,0,25519,15235,10284,54,4.0
491,2024-01-07,Rafael Gomes,Lavanderia,10.02,Indicação,Aprovado,41464,1000,40464,28810,11654,50,
492,2023-09-15,Maria Santos,Lavanderia,7.44,Facebook,Cancelado,8247,0,8247,4742,3505,26,1.0
493,2024-02-11,Carlos Oliveira,Home Office,7.04,Facebook,Em Produção,8455,0,8455,4983,3472,49,2.0
494,2023-10-18,Carlos Oliveira,Banheiro,5.03,Instagram,Em Produção,44057,0,44057,25098,18959,80,4.0
495,2024-07-07,Marcos Alves,Sala,10.37,Loja Física,Entregue,38949,500,38449,22211,16238,75,5.0
496,2024-10-17,Juliana Rocha,Lavanderia,23.43,Indicação,Entregue,37982,0,37982,26068,11914,59,3.0
497,2024-02-27,Marcos Alves,Sala,33.35,Google,Em Produção,13205,0,13205,7283,5922,56,4.0
498,2024-07-01,Rafael Gomes,Cozinha,32.73,Loja Física,Aprovado,35239,500,34739,20965,13774,20,5.0
499,2024-01-18,Ana Pereira,Dormitório,9.88,Facebook,Entregue,29983,1000,28983,18456,10527,48,3.0
500,2023-03-23,Camila Ribeiro,Banheiro,33.07,Instagram,Em Produção,43981,0,43981,27597,16384,88,3.0
